<project toolsVersion="5.0">
  <!-- Only edit this file to pull kit depedencies. -->
  <!-- Put all extension-specific dependencies in `ext-deps.packman.xml`. -->
  <!-- This file contains shared Kit SDK dependencies used by most kit extensions. -->

  <!-- Import Kit SDK all-deps xml file to steal some deps from it: -->
  <import path="../../_build/${platform_target}/${config}/kit/dev/all-deps.packman.xml">
    <filter include="boost_preprocessor"/>
    <filter include="doctest" />
    <filter include="pybind11" />
    <filter include="fmt" />
    <filter include="python" />
    <filter include="carb_sdk_plugins" />
    <filter include="premake" />
  </import>

  <!-- Pull those deps of the same version as in Kit SDK. Override linkPath to point correctly, other properties can also be override, including version. -->
  <dependency name="carb_sdk_plugins" linkPath="../../_build/target-deps/carb_sdk_plugins" tags="non-redist" />
  <dependency name="pybind11" linkPath="../../_build/target-deps/pybind11" />
  <dependency name="fmt" linkPath="../../_build/target-deps/fmt" />
  <dependency name="python" linkPath="../../_build/target-deps/python" />

  <!-- The doctest package imported from kit-kernel is not yet available. -->
  <dependency name="doctest" linkPath="../../_build/target-deps/doctest">
    <package name="doctest" version="2.4.5+nv1-3" />
  </dependency>

  <dependency name="premake" linkPath="../../_build/host-deps/premake" />
</project>
