<project toolsVersion="5.0">
  <dependency name="repo_man" linkPath="../../_repo/deps/repo_man">
    <package name="repo_man" version="1.88.2"/>
  </dependency>
  <dependency name="repo_build" linkPath="../../_repo/deps/repo_build">
    <package name="repo_build" version="1.13.2"/>
  </dependency>
  <dependency name="repo_kit_tools" linkPath="../../_repo/deps/repo_kit_tools">
    <package name="repo_kit_tools" version="1.10.0"/>
  </dependency>
  <dependency name="repo_test" linkPath="../../_repo/deps/repo_test">
    <package name="repo_test" version="2.40.1" />
  </dependency>
  <dependency name="repo_package" linkPath="../../_repo/deps/repo_package">
    <package name="repo_package" version="6.0.3" />
  </dependency>
  <dependency name="repo_kit_template" linkPath="../../_repo/deps/repo_kit_template">
    <package name="repo_kit_template" version="1.4.2" />
  </dependency>
  <dependency name="repo_usd" linkPath="../../_repo/deps/repo_usd">
    <package name="repo_usd" version="5.0.7" />
  </dependency>
</project>
