[
  {
    "children": [
      {
        "children": [
          {
            "children": [
              {
                "children": [
                  {
                    "dock_id": 5,
                    "dock_tab_bar_enabled": true,
                    "dock_tab_bar_visible": false,
                    "height": 690.0,
                    "position_x": 0.0,
                    "position_y": 26.0,
                    "selected_in_dock": true,
                    "title": "Viewport",
                    "visible": true,
                    "width": 1408.0
                  }
                ],
                "dock_id": 5,
                "position": "LEFT"
              },
              {
                "children": [
                  {
                    "dock_id": 6,
                    "height": 690.0,
                    "position_x": 1410.0,
                    "position_y": 26.0,
                    "selected_in_dock": false,
                    "title": "Main ToolBar",
                    "visible": true,
                    "width": 44.0
                  }
                ],
                "dock_id": 6,
                "position": "RIGHT"
              }
            ],
            "dock_id": 3,
            "position": "TOP"
          },
          {
            "children": [
              {
                "dock_id": 4,
                "dock_tab_bar_enabled": true,
                "dock_tab_bar_visible": true,
                "height": 267.0,
                "position_x": 0.0,
                "position_y": 718.0,
                "selected_in_dock": true,
                "title": "Content",
                "visible": true,
                "width": 1454.0
              },
              {
                "dock_id": 4,
                "height": 267.0,
                "position_x": 60.0,
                "position_y": 60.0,
                "selected_in_dock": false,
                "title": "NVIDIA Assets",
                "visible": true,
                "width": 1454.0
              },
              {
                "dock_id": 4,
                "height": 267.0,
                "position_x": 60.0,
                "position_y": 60.0,
                "selected_in_dock": false,
                "title": "Materials",
                "visible": true,
                "width": 1454.0
              }
              ,
              {
                "dock_id": 4,
                "height": 267.0,
                "position_x": 60.0,
                "position_y": 60.0,
                "selected_in_dock": false,
                "title": "Examples",
                "visible": true,
                "width": 1454.0
              }
            ],
            "dock_id": 4,
            "position": "BOTTOM"
          }
        ],
        "dock_id": 1,
        "position": "LEFT"
      },
      {
        "children": [
          {
            "children": [
              {
                "dock_id": 7,
                "dock_tab_bar_enabled": true,
                "dock_tab_bar_visible": true,
                "height": 477.0,
                "position_x": 1456.0,
                "position_y": 26.0,
                "selected_in_dock": true,
                "title": "Stage",
                "visible": true,
                "width": 464.0
              }
            ],
            "dock_id": 7,
            "position": "TOP"
          },
          {
            "children": [
              {
                "dock_id": 8,
                "dock_tab_bar_enabled": true,
                "dock_tab_bar_visible": true,
                "height": 480.0,
                "position_x": 1456.0,
                "position_y": 505.0,
                "selected_in_dock": true,
                "title": "Property",
                "visible": true,
                "width": 464.0
              }
            ],
            "dock_id": 8,
            "position": "BOTTOM"
          }
        ],
        "dock_id": 2,
        "position": "RIGHT"
      }
    ],
    "dock_id": 3358485147
  },
  {
    "dock_id": 0,
    "height": 267.0,
    "position_x": 0.0,
    "position_y": 718.0,
    "selected_in_dock": false,
    "title": "Console",
    "visible": false,
    "width": 1454.0
  },
  {
    "dock_id": 0,
    "height": 116.0,
    "position_x": 60.0,
    "position_y": 60.0,
    "selected_in_dock": false,
    "title": "Render Settings",
    "visible": false,
    "width": 332.0
  },
  {
    "dock_id": 0,
    "height": 480.0,
    "position_x": 1344.0,
    "position_y": 22.0,
    "selected_in_dock": false,
    "title": "Layer",
    "visible": false,
    "width": 576.0
  },
  {
    "dock_id": 0,
    "height": 320.0,
    "position_x": 610.0,
    "position_y": 348.0,
    "selected_in_dock": false,
    "title": "Welcome",
    "visible": false,
    "width": 700.0
  },
  {
    "dock_id": 0,
    "height": 600.0,
    "position_x": 3.4028234663852886e+38,
    "position_y": 3.4028234663852886e+38,
    "selected_in_dock": false,
    "title": "Add Attribute...",
    "visible": false,
    "width": 400.0
  },
  {
    "dock_id": 0,
    "height": 650.0,
    "position_x": 3.4028234663852886e+38,
    "position_y": 3.4028234663852886e+38,
    "selected_in_dock": false,
    "title": "Playlist",
    "visible": false,
    "width": 600.0
  },
  {
    "dock_id": 0,
    "height": 800.0,
    "position_x": 3.4028234663852886e+38,
    "position_y": 3.4028234663852886e+38,
    "selected_in_dock": false,
    "title": "Measure",
    "visible": false,
    "width": 465.0
  },
  {
    "dock_id": 0,
    "height": 600.0,
    "position_x": 3.4028234663852886e+38,
    "position_y": 3.4028234663852886e+38,
    "selected_in_dock": false,
    "title": "Select Measure Export Directory",
    "visible": false,
    "width": 1000.0
  },
  {
    "dock_id": 0,
    "height": 0.0,
    "position_x": 3.4028234663852886e+38,
    "position_y": 3.4028234663852886e+38,
    "selected_in_dock": false,
    "title": "Options",
    "visible": false,
    "width": 220.0
  },
  {
    "dock_id": 0,
    "height": 600.0,
    "position_x": 3.4028234663852886e+38,
    "position_y": 3.4028234663852886e+38,
    "selected_in_dock": false,
    "title": "Measure Export",
    "visible": false,
    "width": 400.0
  },
  {
    "dock_id": 0,
    "height": 190.0,
    "position_x": 3.4028234663852886e+38,
    "position_y": 3.4028234663852886e+38,
    "selected_in_dock": false,
    "title": "Design Render Settings",
    "visible": false,
    "width": 0.0
  },
  {
    "dock_id": 0,
    "height": 500.0,
    "position_x": 3.4028234663852886e+38,
    "position_y": 3.4028234663852886e+38,
    "selected_in_dock": false,
    "title": "Timeline Session",
    "visible": false,
    "width": 400.0
  },
  {
    "dock_id": 0,
    "height": 600.0,
    "position_x": 3.4028234663852886e+38,
    "position_y": 3.4028234663852886e+38,
    "selected_in_dock": false,
    "title": "Markup Export",
    "visible": false,
    "width": 400.0
  },
  {
    "dock_id": 0,
    "height": 540.0,
    "position_x": 3.4028234663852886e+38,
    "position_y": 3.4028234663852886e+38,
    "selected_in_dock": false,
    "title": "About",
    "visible": false,
    "width": 800.0
  },
  {
    "dock_id": 0,
    "height": 600.0,
    "position_x": 3.4028234663852886e+38,
    "position_y": 3.4028234663852886e+38,
    "selected_in_dock": false,
    "title": "Statistics",
    "visible": false,
    "width": 400.0
  },
  {
    "dock_id": 0,
    "height": 600.0,
    "position_x": 3.4028234663852886e+38,
    "position_y": 3.4028234663852886e+38,
    "selected_in_dock": false,
    "title": "Markups",
    "visible": false,
    "width": 180.0
  },
  {
    "dock_id": 0,
    "height": 600.0,
    "position_x": 3.4028234663852886e+38,
    "position_y": 3.4028234663852886e+38,
    "selected_in_dock": false,
    "title": "Waypoints",
    "visible": false,
    "width": 180.0
  },
  {
    "dock_id": 0,
    "height": 212.0,
    "position_x": 120.0,
    "position_y": 744.0,
    "selected_in_dock": false,
    "title": "0",
    "visible": false,
    "width": 860.0
  },
  {
    "dock_id": 0,
    "height": 148.0,
    "position_x": 1004.0,
    "position_y": 768.0,
    "selected_in_dock": false,
    "title": "Add bookmark",
    "visible": false,
    "width": 400.0
  },
  {
    "dock_id": 0,
    "height": 400.0,
    "position_x": 3.4028234663852886e+38,
    "position_y": 3.4028234663852886e+38,
    "selected_in_dock": false,
    "title": "Select Targets",
    "visible": false,
    "width": 400.0
  }
]